epoch,loss,val_loss
0,0.05873700603842735,0.017655298113822937
